[{"name":"Isolated-Streaming","type":"ISOLATED","id":"e7e0f41f-eb02-4d12-a3c4-b73e92f00c54"},{"name":"Isolated-Recording","type":"ISOLATED","id":"207d9226-4cc8-48eb-99eb-44c946e427bf"},{"name":"Normal-Casual","type":"NORMAL","id":"de99436c-472c-47c5-9f56-c96ed5dfcad2"},{"name":"Open-Streaming","type":"NORMAL","id":"27e46eb6-0c97-4e55-a16c-44579bf515f4"},{"name":"Open-Recording","type":"NORMAL","id":"4f1770d9-0c83-428a-b36e-def6383bff9c"},{"name":"Graveyard","type":"ISOLATED","id":"bdebdab0-0336-4f62-82e2-ecc8372a2ee3"},{"name":"Town Center","type":"ISOLATED","id":"556b1548-58af-4497-ac92-52eea79a5a37"},{"name":"Laundry","type":"ISOLATED","id":"93c9870f-26be-413b-88c6-48cf215db252"},{"name":"Library","type":"ISOLATED","id":"93fd1e03-3ac3-4ccc-a1f6-da9c70c2b363"},{"name":"Games Master","type":"ISOLATED","id":"ee2337b2-8d7a-4b35-900c-c110e9252637"},{"name":"Burger Bar","type":"ISOLATED","id":"07285be2-711f-49df-8e65-4c03295ec19d"},{"name":"House Sand","type":"ISOLATED","id":"67764a4d-94e8-4f62-9fef-c8dd9ab4c510"},{"name":"House Mud","type":"ISOLATED","id":"b08086a1-df5d-497e-9628-bbc0c79b5e7e"},{"name":"House Nether","type":"ISOLATED","id":"0c87f8c7-2aea-4bbd-92e1-11a47af3220c"},{"name":"House Green","type":"ISOLATED","id":"fe025bf9-c0cd-4507-b39e-ef914c53d265"},{"name":"House White","type":"ISOLATED","id":"0fc09f1e-77a4-4d32-a8f6-8f6fab838a38"},{"name":"House Red","type":"ISOLATED","id":"aa39d0f7-e956-4936-93cd-10c36dfe17b5"},{"name":"House Blue","type":"ISOLATED","id":"aa50eee3-fa7a-4758-8da5-261ba8f4964c"},{"name":"House Stone","type":"ISOLATED","id":"0ed6b0fc-0435-4c14-825c-f381f2282b5e"},{"name":"House Cherry","type":"ISOLATED","id":"19ffa99a-ad30-44eb-9323-4942ea4408db"},{"name":"House Warped","type":"ISOLATED","id":"c76a53fe-75c2-4bec-9697-e99f22801ec9"},{"name":"House Crimson","type":"ISOLATED","id":"12839839-9a81-40cc-afe5-d6086abe37bc"},{"name":"House Tan","type":"ISOLATED","id":"47151693-2512-4e76-af54-057c377440a0"}]